f_name,barred
datasets/barred_galaxies/poisson_noise_bg_run.201.std_1_highres.fits.png,1
datasets/barred_galaxies/poisson_noise_bg_run.201.std_2_highres.fits.png,1
datasets/barred_galaxies/poisson_noise_bg_run.201.std_3_highres.fits.png,1
datasets/barred_galaxies/poisson_noise_bg_run.201.std_4_highres.fits.png,1
datasets/barred_galaxies/poisson_noise_bg_run.240.std_1_highres.fits.png,1
datasets/barred_galaxies/poisson_noise_bg_run.240.std_2_highres.fits.png,1
datasets/barred_galaxies/poisson_noise_bg_run.240.std_3_highres.fits.png,1
datasets/barred_galaxies/poisson_noise_bg_run.240.std_4_highres.fits.png,1
datasets/barred_galaxies/poisson_noise_bg_run.252.s2.std_1_highres.fits.png,1
datasets/barred_galaxies/poisson_noise_bg_run.252.s2.std_2_highres.fits.png,1
datasets/barred_galaxies/poisson_noise_bg_run.252.s2.std_3_highres.fits.png,1
datasets/barred_galaxies/poisson_noise_bg_run.252.s2.std_4_highres.fits.png,1
datasets/barred_galaxies/poisson_noise_bg_run.255.std_1_highres.fits.png,1
datasets/barred_galaxies/poisson_noise_bg_run.255.std_2_highres.fits.png,1
datasets/barred_galaxies/poisson_noise_bg_run.255.std_3_highres.fits.png,1
datasets/barred_galaxies/poisson_noise_bg_run.255.std_4_highres.fits.png,1
datasets/barred_galaxies/poisson_noise_bg_run.264.std_1_highres.fits.png,1
datasets/barred_galaxies/poisson_noise_bg_run.264.std_2_highres.fits.png,1
datasets/barred_galaxies/poisson_noise_bg_run.264.std_3_highres.fits.png,1
datasets/barred_galaxies/poisson_noise_bg_run.264.std_4_highres.fits.png,1
datasets/barred_galaxies/poisson_noise_bg_run.280.std_1_highres.fits.png,1
datasets/barred_galaxies/poisson_noise_bg_run.280.std_2_highres.fits.png,1
datasets/barred_galaxies/poisson_noise_bg_run.280.std_3_highres.fits.png,1
datasets/barred_galaxies/poisson_noise_bg_run.280.std_4_highres.fits.png,1
datasets/barred_galaxies/poisson_noise_bg_run.282.std_1_highres.fits.png,0
datasets/barred_galaxies/poisson_noise_bg_run.282.std_2_highres.fits.png,0
datasets/barred_galaxies/poisson_noise_bg_run.282.std_3_highres.fits.png,0
datasets/barred_galaxies/poisson_noise_bg_run.282.std_4_highres.fits.png,0
datasets/barred_galaxies/poisson_noise_bg_run.287.std_1_highres.fits.png,0
datasets/barred_galaxies/poisson_noise_bg_run.287.std_2_highres.fits.png,0
datasets/barred_galaxies/poisson_noise_bg_run.287.std_3_highres.fits.png,0
datasets/barred_galaxies/poisson_noise_bg_run.287.std_4_highres.fits.png,0
datasets/barred_galaxies/poisson_noise_bg_run.373.std_1_highres.fits.png,1
datasets/barred_galaxies/poisson_noise_bg_run.373.std_2_highres.fits.png,1
datasets/barred_galaxies/poisson_noise_bg_run.373.std_3_highres.fits.png,1
datasets/barred_galaxies/poisson_noise_bg_run.373.std_4_highres.fits.png,1
datasets/barred_galaxies/poisson_noise_bg_run211_15000.std_1_highres.fits.png,0
datasets/barred_galaxies/poisson_noise_bg_run211_15000.std_2_highres.fits.png,0
datasets/barred_galaxies/poisson_noise_bg_run211_15000.std_3_highres.fits.png,0
datasets/barred_galaxies/poisson_noise_bg_run211_15000.std_4_highres.fits.png,0
datasets/barred_galaxies/poisson_noise_bg_run364.std_1_highres.fits.png,1
datasets/barred_galaxies/poisson_noise_bg_run364.std_2_highres.fits.png,1
datasets/barred_galaxies/poisson_noise_bg_run364.std_3_highres.fits.png,1
datasets/barred_galaxies/poisson_noise_bg_run364.std_4_highres.fits.png,1
datasets/barred_galaxies/poisson_noise_bg_run376.std_1_highres.fits.png,1
datasets/barred_galaxies/poisson_noise_bg_run376.std_2_highres.fits.png,1
datasets/barred_galaxies/poisson_noise_bg_run376.std_3_highres.fits.png,1
datasets/barred_galaxies/poisson_noise_bg_run376.std_4_highres.fits.png,1
datasets/barred_galaxies/poisson_noise_bg_run652ht.00700_1_highres.fits.png,0
datasets/barred_galaxies/poisson_noise_bg_run652ht.00700_2_highres.fits.png,0
datasets/barred_galaxies/poisson_noise_bg_run652ht.00700_3_highres.fits.png,0
datasets/barred_galaxies/poisson_noise_bg_run652ht.00700_4_highres.fits.png,0
datasets/barred_galaxies/poisson_noise_bg_run652ht.00800_1_highres.fits.png,0
datasets/barred_galaxies/poisson_noise_bg_run652ht.00800_2_highres.fits.png,0
datasets/barred_galaxies/poisson_noise_bg_run652ht.00800_3_highres.fits.png,0
datasets/barred_galaxies/poisson_noise_bg_run652ht.00800_4_highres.fits.png,0
datasets/barred_galaxies/poisson_noise_bg_run652ht.00100_1_highres.fits.png,0
datasets/barred_galaxies/poisson_noise_bg_run652ht.00100_2_highres.fits.png,0
datasets/barred_galaxies/poisson_noise_bg_run652ht.00100_3_highres.fits.png,0
datasets/barred_galaxies/poisson_noise_bg_run652ht.00100_4_highres.fits.png,0
datasets/barred_galaxies/poisson_noise_bg_run652ht.01000_1_highres.fits.png,0
datasets/barred_galaxies/poisson_noise_bg_run652ht.01000_2_highres.fits.png,0
datasets/barred_galaxies/poisson_noise_bg_run652ht.01000_3_highres.fits.png,0
datasets/barred_galaxies/poisson_noise_bg_run652ht.01000_4_highres.fits.png,0
datasets/barred_galaxies/poisson_noise_bg_run652ht.01100_1_highres.fits.png,0
datasets/barred_galaxies/poisson_noise_bg_run652ht.01100_2_highres.fits.png,0
datasets/barred_galaxies/poisson_noise_bg_run652ht.01100_3_highres.fits.png,0
datasets/barred_galaxies/poisson_noise_bg_run652ht.01100_4_highres.fits.png,0
datasets/barred_galaxies/poisson_noise_bg_run652ht.01200_1_highres.fits.png,0
datasets/barred_galaxies/poisson_noise_bg_run652ht.01200_2_highres.fits.png,0
datasets/barred_galaxies/poisson_noise_bg_run652ht.01200_3_highres.fits.png,0
datasets/barred_galaxies/poisson_noise_bg_run652ht.01200_4_highres.fits.png,0
datasets/barred_galaxies/poisson_noise_bg_run652ht.01300_1_highres.fits.png,0
datasets/barred_galaxies/poisson_noise_bg_run652ht.01300_2_highres.fits.png,0
datasets/barred_galaxies/poisson_noise_bg_run652ht.01300_3_highres.fits.png,0
datasets/barred_galaxies/poisson_noise_bg_run652ht.01300_4_highres.fits.png,0
datasets/barred_galaxies/poisson_noise_bg_run652ht.01400_1_highres.fits.png,0
datasets/barred_galaxies/poisson_noise_bg_run652ht.01400_2_highres.fits.png,0
datasets/barred_galaxies/poisson_noise_bg_run652ht.01400_3_highres.fits.png,0
datasets/barred_galaxies/poisson_noise_bg_run652ht.01400_4_highres.fits.png,0
datasets/barred_galaxies/poisson_noise_bg_run653.00650_1_highres.fits.png,0
datasets/barred_galaxies/poisson_noise_bg_run653.00650_2_highres.fits.png,0
datasets/barred_galaxies/poisson_noise_bg_run653.00650_3_highres.fits.png,0
datasets/barred_galaxies/poisson_noise_bg_run653.00650_4_highres.fits.png,0
datasets/barred_galaxies/poisson_noise_bg_run653.00750_1_highres.fits.png,0
datasets/barred_galaxies/poisson_noise_bg_run653.00750_2_highres.fits.png,0
datasets/barred_galaxies/poisson_noise_bg_run653.00750_3_highres.fits.png,0
datasets/barred_galaxies/poisson_noise_bg_run653.00750_4_highres.fits.png,0
datasets/barred_galaxies/poisson_noise_bg_run653.00850_1_highres.fits.png,0
datasets/barred_galaxies/poisson_noise_bg_run653.00850_2_highres.fits.png,0
datasets/barred_galaxies/poisson_noise_bg_run653.00850_3_highres.fits.png,0
datasets/barred_galaxies/poisson_noise_bg_run653.00850_4_highres.fits.png,0
datasets/barred_galaxies/poisson_noise_bg_run653.00150_1_highres.fits.png,0
datasets/barred_galaxies/poisson_noise_bg_run653.00150_2_highres.fits.png,0
datasets/barred_galaxies/poisson_noise_bg_run653.00150_3_highres.fits.png,0
datasets/barred_galaxies/poisson_noise_bg_run653.00150_4_highres.fits.png,0
datasets/barred_galaxies/poisson_noise_bg_run653.01050_1_highres.fits.png,0
datasets/barred_galaxies/poisson_noise_bg_run653.01050_2_highres.fits.png,0
datasets/barred_galaxies/poisson_noise_bg_run653.01050_3_highres.fits.png,0
datasets/barred_galaxies/poisson_noise_bg_run653.01050_4_highres.fits.png,0
datasets/barred_galaxies/poisson_noise_bg_run653.01150_1_highres.fits.png,0
datasets/barred_galaxies/poisson_noise_bg_run653.01150_2_highres.fits.png,0
datasets/barred_galaxies/poisson_noise_bg_run653.01150_3_highres.fits.png,0
datasets/barred_galaxies/poisson_noise_bg_run653.01150_4_highres.fits.png,0
datasets/barred_galaxies/poisson_noise_bg_run653.01250_1_highres.fits.png,0
datasets/barred_galaxies/poisson_noise_bg_run653.01250_2_highres.fits.png,0
datasets/barred_galaxies/poisson_noise_bg_run653.01250_3_highres.fits.png,0
datasets/barred_galaxies/poisson_noise_bg_run653.01250_4_highres.fits.png,0
datasets/barred_galaxies/poisson_noise_bg_run653.01350_1_highres.fits.png,0
datasets/barred_galaxies/poisson_noise_bg_run653.01350_2_highres.fits.png,0
datasets/barred_galaxies/poisson_noise_bg_run653.01350_3_highres.fits.png,0
datasets/barred_galaxies/poisson_noise_bg_run653.01350_4_highres.fits.png,0
datasets/barred_galaxies/poisson_noise_bg_run661.00700_1_highres.fits.png,0
datasets/barred_galaxies/poisson_noise_bg_run661.00700_2_highres.fits.png,0
datasets/barred_galaxies/poisson_noise_bg_run661.00700_3_highres.fits.png,0
datasets/barred_galaxies/poisson_noise_bg_run661.00700_4_highres.fits.png,0
datasets/barred_galaxies/poisson_noise_bg_run661.00800_1_highres.fits.png,0
datasets/barred_galaxies/poisson_noise_bg_run661.00800_2_highres.fits.png,0
datasets/barred_galaxies/poisson_noise_bg_run661.00800_3_highres.fits.png,0
datasets/barred_galaxies/poisson_noise_bg_run661.00800_4_highres.fits.png,0
datasets/barred_galaxies/poisson_noise_bg_run661.00100_1_highres.fits.png,0
datasets/barred_galaxies/poisson_noise_bg_run661.00100_2_highres.fits.png,0
datasets/barred_galaxies/poisson_noise_bg_run661.00100_3_highres.fits.png,0
datasets/barred_galaxies/poisson_noise_bg_run661.00100_4_highres.fits.png,0
datasets/barred_galaxies/poisson_noise_bg_run661.01000_1_highres.fits.png,0
datasets/barred_galaxies/poisson_noise_bg_run661.01000_2_highres.fits.png,0
datasets/barred_galaxies/poisson_noise_bg_run661.01000_3_highres.fits.png,0
datasets/barred_galaxies/poisson_noise_bg_run661.01000_4_highres.fits.png,0
datasets/barred_galaxies/poisson_noise_bg_run661.01100_1_highres.fits.png,0
datasets/barred_galaxies/poisson_noise_bg_run661.01100_2_highres.fits.png,0
datasets/barred_galaxies/poisson_noise_bg_run661.01100_3_highres.fits.png,0
datasets/barred_galaxies/poisson_noise_bg_run661.01100_4_highres.fits.png,0
datasets/barred_galaxies/poisson_noise_bg_run661.01200_1_highres.fits.png,0
datasets/barred_galaxies/poisson_noise_bg_run661.01200_2_highres.fits.png,0
datasets/barred_galaxies/poisson_noise_bg_run661.01200_3_highres.fits.png,0
datasets/barred_galaxies/poisson_noise_bg_run661.01200_4_highres.fits.png,0
datasets/barred_galaxies/poisson_noise_bg_run661.01300_1_highres.fits.png,0
datasets/barred_galaxies/poisson_noise_bg_run661.01300_2_highres.fits.png,0
datasets/barred_galaxies/poisson_noise_bg_run661.01300_3_highres.fits.png,0
datasets/barred_galaxies/poisson_noise_bg_run661.01300_4_highres.fits.png,0
datasets/barred_galaxies/poisson_noise_bg_run661.01400_1_highres.fits.png,1
datasets/barred_galaxies/poisson_noise_bg_run661.01400_2_highres.fits.png,1
datasets/barred_galaxies/poisson_noise_bg_run661.01400_3_highres.fits.png,1
datasets/barred_galaxies/poisson_noise_bg_run661.01400_4_highres.fits.png,1
datasets/barred_galaxies/poisson_noise_bg_run662.00600_1_highres.fits.png,0
datasets/barred_galaxies/poisson_noise_bg_run662.00600_2_highres.fits.png,0
datasets/barred_galaxies/poisson_noise_bg_run662.00600_3_highres.fits.png,0
datasets/barred_galaxies/poisson_noise_bg_run662.00600_4_highres.fits.png,0
datasets/barred_galaxies/poisson_noise_bg_run662.00700_1_highres.fits.png,1
datasets/barred_galaxies/poisson_noise_bg_run662.00700_2_highres.fits.png,1
datasets/barred_galaxies/poisson_noise_bg_run662.00700_3_highres.fits.png,1
datasets/barred_galaxies/poisson_noise_bg_run662.00700_4_highres.fits.png,1
datasets/barred_galaxies/poisson_noise_bg_run662.00800_1_highres.fits.png,0
datasets/barred_galaxies/poisson_noise_bg_run662.00800_2_highres.fits.png,0
datasets/barred_galaxies/poisson_noise_bg_run662.00800_3_highres.fits.png,0
datasets/barred_galaxies/poisson_noise_bg_run662.00800_4_highres.fits.png,0
datasets/barred_galaxies/poisson_noise_bg_run662.00100_1_highres.fits.png,0
datasets/barred_galaxies/poisson_noise_bg_run662.00100_2_highres.fits.png,0
datasets/barred_galaxies/poisson_noise_bg_run662.00100_3_highres.fits.png,0
datasets/barred_galaxies/poisson_noise_bg_run662.00100_4_highres.fits.png,0
datasets/barred_galaxies/poisson_noise_bg_run662.01000_1_highres.fits.png,0
datasets/barred_galaxies/poisson_noise_bg_run662.01000_2_highres.fits.png,0
datasets/barred_galaxies/poisson_noise_bg_run662.01000_3_highres.fits.png,0
datasets/barred_galaxies/poisson_noise_bg_run662.01000_4_highres.fits.png,0
datasets/barred_galaxies/poisson_noise_bg_run662.01100_1_highres.fits.png,0
datasets/barred_galaxies/poisson_noise_bg_run662.01100_2_highres.fits.png,0
datasets/barred_galaxies/poisson_noise_bg_run662.01100_3_highres.fits.png,0
datasets/barred_galaxies/poisson_noise_bg_run662.01100_4_highres.fits.png,0
datasets/barred_galaxies/poisson_noise_bg_run662.01200_1_highres.fits.png,0
datasets/barred_galaxies/poisson_noise_bg_run662.01200_2_highres.fits.png,0
datasets/barred_galaxies/poisson_noise_bg_run662.01200_3_highres.fits.png,0
datasets/barred_galaxies/poisson_noise_bg_run662.01200_4_highres.fits.png,0
datasets/barred_galaxies/poisson_noise_bg_run662.01300_1_highres.fits.png,0
datasets/barred_galaxies/poisson_noise_bg_run662.01300_2_highres.fits.png,0
datasets/barred_galaxies/poisson_noise_bg_run662.01300_3_highres.fits.png,0
datasets/barred_galaxies/poisson_noise_bg_run662.01300_4_highres.fits.png,0
datasets/barred_galaxies/poisson_noise_bg_run662c.00700_1_highres.fits.png,0
datasets/barred_galaxies/poisson_noise_bg_run662c.00700_2_highres.fits.png,0
datasets/barred_galaxies/poisson_noise_bg_run662c.00700_3_highres.fits.png,0
datasets/barred_galaxies/poisson_noise_bg_run662c.00700_4_highres.fits.png,0
datasets/barred_galaxies/poisson_noise_bg_run662c.00800_1_highres.fits.png,0
datasets/barred_galaxies/poisson_noise_bg_run662c.00800_2_highres.fits.png,0
datasets/barred_galaxies/poisson_noise_bg_run662c.00800_3_highres.fits.png,0
datasets/barred_galaxies/poisson_noise_bg_run662c.00800_4_highres.fits.png,0
datasets/barred_galaxies/poisson_noise_bg_run662c.00100_1_highres.fits.png,0
datasets/barred_galaxies/poisson_noise_bg_run662c.00100_2_highres.fits.png,0
datasets/barred_galaxies/poisson_noise_bg_run662c.00100_3_highres.fits.png,0
datasets/barred_galaxies/poisson_noise_bg_run662c.00100_4_highres.fits.png,0
datasets/barred_galaxies/poisson_noise_bg_run662c.01000_1_highres.fits.png,0
datasets/barred_galaxies/poisson_noise_bg_run662c.01000_2_highres.fits.png,0
datasets/barred_galaxies/poisson_noise_bg_run662c.01000_3_highres.fits.png,0
datasets/barred_galaxies/poisson_noise_bg_run662c.01000_4_highres.fits.png,0
datasets/barred_galaxies/poisson_noise_bg_run662c.01100_1_highres.fits.png,0
datasets/barred_galaxies/poisson_noise_bg_run662c.01100_2_highres.fits.png,0
datasets/barred_galaxies/poisson_noise_bg_run662c.01100_3_highres.fits.png,0
datasets/barred_galaxies/poisson_noise_bg_run662c.01100_4_highres.fits.png,0
datasets/barred_galaxies/poisson_noise_bg_run662c.01200_1_highres.fits.png,0
datasets/barred_galaxies/poisson_noise_bg_run662c.01200_2_highres.fits.png,0
datasets/barred_galaxies/poisson_noise_bg_run662c.01200_3_highres.fits.png,0
datasets/barred_galaxies/poisson_noise_bg_run662c.01200_4_highres.fits.png,0
datasets/barred_galaxies/poisson_noise_bg_run662c.01300_1_highres.fits.png,0
datasets/barred_galaxies/poisson_noise_bg_run662c.01300_2_highres.fits.png,0
datasets/barred_galaxies/poisson_noise_bg_run662c.01300_3_highres.fits.png,0
datasets/barred_galaxies/poisson_noise_bg_run662c.01300_4_highres.fits.png,0
datasets/barred_galaxies/poisson_noise_bg_run662c.01400_1_highres.fits.png,0
datasets/barred_galaxies/poisson_noise_bg_run662c.01400_2_highres.fits.png,0
datasets/barred_galaxies/poisson_noise_bg_run662c.01400_3_highres.fits.png,0
datasets/barred_galaxies/poisson_noise_bg_run662c.01400_4_highres.fits.png,0
datasets/barred_galaxies/poisson_noise_bg_run670Diff.00600_1_highres.fits.pn0g,
datasets/barred_galaxies/poisson_noise_bg_run670Diff.00600_2_highres.fits.png0,
datasets/barred_galaxies/poisson_noise_bg_run670Diff.00600_3_highres.fits.png,0
datasets/barred_galaxies/poisson_noise_bg_run670Diff.00600_4_highres.fits.png,0
datasets/barred_galaxies/poisson_noise_bg_run670Diff.00700_1_highres.fits.png,0
datasets/barred_galaxies/poisson_noise_bg_run670Diff.00700_2_highres.fits.png,0
datasets/barred_galaxies/poisson_noise_bg_run670Diff.00700_3_highres.fits.png,0
datasets/barred_galaxies/poisson_noise_bg_run670Diff.00700_4_highres.fits.png,0
datasets/barred_galaxies/poisson_noise_bg_run670Diff.00800_1_highres.fits.png,0
datasets/barred_galaxies/poisson_noise_bg_run670Diff.00800_2_highres.fits.png,0
datasets/barred_galaxies/poisson_noise_bg_run670Diff.00800_3_highres.fits.png,0
datasets/barred_galaxies/poisson_noise_bg_run670Diff.00800_4_highres.fits.png,0
datasets/barred_galaxies/poisson_noise_bg_run670Diff.00100_1_highres.fits.png,0
datasets/barred_galaxies/poisson_noise_bg_run670Diff.00100_2_highres.fits.png,0
datasets/barred_galaxies/poisson_noise_bg_run670Diff.00100_3_highres.fits.png,0
datasets/barred_galaxies/poisson_noise_bg_run670Diff.00100_4_highres.fits.png,0
datasets/barred_galaxies/poisson_noise_bg_run670Diff.01000_1_highres.fits.png,0
datasets/barred_galaxies/poisson_noise_bg_run670Diff.01000_2_highres.fits.png,0
datasets/barred_galaxies/poisson_noise_bg_run670Diff.01000_3_highres.fits.png,0
datasets/barred_galaxies/poisson_noise_bg_run670Diff.01000_4_highres.fits.png,0
datasets/barred_galaxies/poisson_noise_bg_run670Diff.01100_1_highres.fits.png,0
datasets/barred_galaxies/poisson_noise_bg_run670Diff.01100_2_highres.fits.png,0
datasets/barred_galaxies/poisson_noise_bg_run670Diff.01100_3_highres.fits.png,0
datasets/barred_galaxies/poisson_noise_bg_run670Diff.01100_4_highres.fits.png,0
datasets/barred_galaxies/poisson_noise_bg_run670Diff.01200_1_highres.fits.png,0
datasets/barred_galaxies/poisson_noise_bg_run670Diff.01200_2_highres.fits.png,0
datasets/barred_galaxies/poisson_noise_bg_run670Diff.01200_3_highres.fits.png,0
datasets/barred_galaxies/poisson_noise_bg_run670Diff.01200_4_highres.fits.png,0
datasets/barred_galaxies/poisson_noise_bg_run670Diff.01300_1_highres.fits.png,0
datasets/barred_galaxies/poisson_noise_bg_run670Diff.01300_2_highres.fits.png,0
datasets/barred_galaxies/poisson_noise_bg_run670Diff.01300_3_highres.fits.png,0
datasets/barred_galaxies/poisson_noise_bg_run670Diff.01300_4_highres.fits.png,0
datasets/barred_galaxies/poisson_noise_bg_run670Diff.01400_1_highres.fits.png,1
datasets/barred_galaxies/poisson_noise_bg_run670Diff.01400_2_highres.fits.png,1
datasets/barred_galaxies/poisson_noise_bg_run670Diff.01400_3_highres.fits.png,1
datasets/barred_galaxies/poisson_noise_bg_run670Diff.01400_4_highres.fits.png,1
datasets/barred_galaxies/poisson_noise_bg_run670Diff.01500_1_highres.fits.png,1
datasets/barred_galaxies/poisson_noise_bg_run670Diff.01500_2_highres.fits.png,1
datasets/barred_galaxies/poisson_noise_bg_run670Diff.01500_3_highres.fits.png,1
datasets/barred_galaxies/poisson_noise_bg_run670Diff.01500_4_highres.fits.png,1
datasets/barred_galaxies/poisson_noise_bg_run671.00600_1_highres.fits.png,0
datasets/barred_galaxies/poisson_noise_bg_run671.00600_2_highres.fits.png,0
datasets/barred_galaxies/poisson_noise_bg_run671.00600_3_highres.fits.png,0
datasets/barred_galaxies/poisson_noise_bg_run671.00600_4_highres.fits.png,0
datasets/barred_galaxies/poisson_noise_bg_run671.00700_1_highres.fits.png,0
datasets/barred_galaxies/poisson_noise_bg_run671.00700_2_highres.fits.png,0
datasets/barred_galaxies/poisson_noise_bg_run671.00700_3_highres.fits.png,0
datasets/barred_galaxies/poisson_noise_bg_run671.00700_4_highres.fits.png,0
datasets/barred_galaxies/poisson_noise_bg_run671.00800_1_highres.fits.png,0
datasets/barred_galaxies/poisson_noise_bg_run671.00800_2_highres.fits.png,0
datasets/barred_galaxies/poisson_noise_bg_run671.00800_3_highres.fits.png,0
datasets/barred_galaxies/poisson_noise_bg_run671.00800_4_highres.fits.png,0
datasets/barred_galaxies/poisson_noise_bg_run671.00100_1_highres.fits.png,0
datasets/barred_galaxies/poisson_noise_bg_run671.00100_2_highres.fits.png,0
datasets/barred_galaxies/poisson_noise_bg_run671.00100_3_highres.fits.png,0
datasets/barred_galaxies/poisson_noise_bg_run671.00100_4_highres.fits.png,0
datasets/barred_galaxies/poisson_noise_bg_run671.01000_1_highres.fits.png,0
datasets/barred_galaxies/poisson_noise_bg_run671.01000_2_highres.fits.png,0
datasets/barred_galaxies/poisson_noise_bg_run671.01000_3_highres.fits.png,0
datasets/barred_galaxies/poisson_noise_bg_run671.01000_4_highres.fits.png,0
datasets/barred_galaxies/poisson_noise_bg_run671.01100_1_highres.fits.png,0
datasets/barred_galaxies/poisson_noise_bg_run671.01100_2_highres.fits.png,0
datasets/barred_galaxies/poisson_noise_bg_run671.01100_3_highres.fits.png,0
datasets/barred_galaxies/poisson_noise_bg_run671.01100_4_highres.fits.png,0
datasets/barred_galaxies/poisson_noise_bg_run671.01200_1_highres.fits.png,0
datasets/barred_galaxies/poisson_noise_bg_run671.01200_2_highres.fits.png,0
datasets/barred_galaxies/poisson_noise_bg_run671.01200_3_highres.fits.png,0
datasets/barred_galaxies/poisson_noise_bg_run671.01200_4_highres.fits.png,0
datasets/barred_galaxies/poisson_noise_bg_run671.01300_1_highres.fits.png,0
datasets/barred_galaxies/poisson_noise_bg_run671.01300_2_highres.fits.png,0
datasets/barred_galaxies/poisson_noise_bg_run671.01300_3_highres.fits.png,0
datasets/barred_galaxies/poisson_noise_bg_run671.01300_4_highres.fits.png,0
datasets/barred_galaxies/poisson_noise_bg_run671.01400_1_highres.fits.png,0
datasets/barred_galaxies/poisson_noise_bg_run671.01400_2_highres.fits.png,0
datasets/barred_galaxies/poisson_noise_bg_run671.01400_3_highres.fits.png,0
datasets/barred_galaxies/poisson_noise_bg_run671.01400_4_highres.fits.png,0
datasets/barred_galaxies/poisson_noise_bg_run672.00600_1_highres.fits.png,0
datasets/barred_galaxies/poisson_noise_bg_run672.00600_2_highres.fits.png,0
datasets/barred_galaxies/poisson_noise_bg_run672.00600_3_highres.fits.png,0
datasets/barred_galaxies/poisson_noise_bg_run672.00600_4_highres.fits.png,0
datasets/barred_galaxies/poisson_noise_bg_run672.00700_1_highres.fits.png,0
datasets/barred_galaxies/poisson_noise_bg_run672.00700_2_highres.fits.png,0
datasets/barred_galaxies/poisson_noise_bg_run672.00700_3_highres.fits.png,0
datasets/barred_galaxies/poisson_noise_bg_run672.00700_4_highres.fits.png,0
datasets/barred_galaxies/poisson_noise_bg_run672.00800_1_highres.fits.png,0
datasets/barred_galaxies/poisson_noise_bg_run672.00800_2_highres.fits.png,0
datasets/barred_galaxies/poisson_noise_bg_run672.00800_3_highres.fits.png,0
datasets/barred_galaxies/poisson_noise_bg_run672.00800_4_highres.fits.png,0
datasets/barred_galaxies/poisson_noise_bg_run672.00100_1_highres.fits.png,0
datasets/barred_galaxies/poisson_noise_bg_run672.00100_2_highres.fits.png,0
datasets/barred_galaxies/poisson_noise_bg_run672.00100_3_highres.fits.png,0
datasets/barred_galaxies/poisson_noise_bg_run672.00100_4_highres.fits.png,0
datasets/barred_galaxies/poisson_noise_bg_run672.01000_1_highres.fits.png,0
datasets/barred_galaxies/poisson_noise_bg_run672.01000_2_highres.fits.png,0
datasets/barred_galaxies/poisson_noise_bg_run672.01000_3_highres.fits.png,0
datasets/barred_galaxies/poisson_noise_bg_run672.01000_4_highres.fits.png,0
datasets/barred_galaxies/poisson_noise_bg_run672.01100_1_highres.fits.png,0
datasets/barred_galaxies/poisson_noise_bg_run672.01100_2_highres.fits.png,0
datasets/barred_galaxies/poisson_noise_bg_run672.01100_3_highres.fits.png,0
datasets/barred_galaxies/poisson_noise_bg_run672.01100_4_highres.fits.png,0
datasets/barred_galaxies/poisson_noise_bg_run672.01200_1_highres.fits.png,0
datasets/barred_galaxies/poisson_noise_bg_run672.01200_2_highres.fits.png,0
datasets/barred_galaxies/poisson_noise_bg_run672.01200_3_highres.fits.png,0
datasets/barred_galaxies/poisson_noise_bg_run672.01200_4_highres.fits.png,0
datasets/barred_galaxies/poisson_noise_bg_run672.01300_1_highres.fits.png,0
datasets/barred_galaxies/poisson_noise_bg_run672.01300_2_highres.fits.png,0
datasets/barred_galaxies/poisson_noise_bg_run672.01300_3_highres.fits.png,0
datasets/barred_galaxies/poisson_noise_bg_run672.01300_4_highres.fits.png,0
datasets/barred_galaxies/poisson_noise_bg_run672.01400_1_highres.fits.png,0
datasets/barred_galaxies/poisson_noise_bg_run672.01400_2_highres.fits.png,0
datasets/barred_galaxies/poisson_noise_bg_run672.01400_3_highres.fits.png,0
datasets/barred_galaxies/poisson_noise_bg_run672.01400_4_highres.fits.png,0
datasets/barred_galaxies/poisson_noise_bg_run677.00800_1_highres.fits.png,0
datasets/barred_galaxies/poisson_noise_bg_run677.00800_2_highres.fits.png,0
datasets/barred_galaxies/poisson_noise_bg_run677.00800_3_highres.fits.png,0
datasets/barred_galaxies/poisson_noise_bg_run677.00800_4_highres.fits.png,0
datasets/barred_galaxies/poisson_noise_bg_run677.00100_1_highres.fits.png,0
datasets/barred_galaxies/poisson_noise_bg_run677.00100_2_highres.fits.png,0
datasets/barred_galaxies/poisson_noise_bg_run677.00100_3_highres.fits.png,0
datasets/barred_galaxies/poisson_noise_bg_run677.00100_4_highres.fits.png,0
datasets/barred_galaxies/poisson_noise_bg_run677.01000_1_highres.fits.png,0
datasets/barred_galaxies/poisson_noise_bg_run677.01000_2_highres.fits.png,0
datasets/barred_galaxies/poisson_noise_bg_run677.01000_3_highres.fits.png,0
datasets/barred_galaxies/poisson_noise_bg_run677.01000_4_highres.fits.png,0
datasets/barred_galaxies/poisson_noise_bg_run677.01100_1_highres.fits.png,0
datasets/barred_galaxies/poisson_noise_bg_run677.01100_2_highres.fits.png,0
datasets/barred_galaxies/poisson_noise_bg_run677.01100_3_highres.fits.png,0
datasets/barred_galaxies/poisson_noise_bg_run677.01100_4_highres.fits.png,0
datasets/barred_galaxies/poisson_noise_bg_run677.01200_1_highres.fits.png,1
datasets/barred_galaxies/poisson_noise_bg_run677.01200_2_highres.fits.png,1
datasets/barred_galaxies/poisson_noise_bg_run677.01200_3_highres.fits.png,1
datasets/barred_galaxies/poisson_noise_bg_run677.01200_4_highres.fits.png,1
datasets/barred_galaxies/poisson_noise_bg_run677.01300_1_highres.fits.png,0
datasets/barred_galaxies/poisson_noise_bg_run677.01300_2_highres.fits.png,0
datasets/barred_galaxies/poisson_noise_bg_run677.01300_3_highres.fits.png,0
datasets/barred_galaxies/poisson_noise_bg_run677.01300_4_highres.fits.png,0
datasets/barred_galaxies/poisson_noise_bg_run677.01400_1_highres.fits.png,0
datasets/barred_galaxies/poisson_noise_bg_run677.01400_2_highres.fits.png,0
datasets/barred_galaxies/poisson_noise_bg_run677.01400_3_highres.fits.png,0
datasets/barred_galaxies/poisson_noise_bg_run677.01400_4_highres.fits.png,0
datasets/barred_galaxies/poisson_noise_bg_run680.01000_1_highres.fits.png,0
datasets/barred_galaxies/poisson_noise_bg_run680.01000_2_highres.fits.png,0
datasets/barred_galaxies/poisson_noise_bg_run680.01000_3_highres.fits.png,0
datasets/barred_galaxies/poisson_noise_bg_run680.01000_4_highres.fits.png,0
datasets/barred_galaxies/poisson_noise_bg_run680.01100_1_highres.fits.png,0
datasets/barred_galaxies/poisson_noise_bg_run680.01100_2_highres.fits.png,0
datasets/barred_galaxies/poisson_noise_bg_run680.01100_3_highres.fits.png,0
datasets/barred_galaxies/poisson_noise_bg_run680.01100_4_highres.fits.png,0
datasets/barred_galaxies/poisson_noise_bg_run680.01200_1_highres.fits.png,0
datasets/barred_galaxies/poisson_noise_bg_run680.01200_2_highres.fits.png,0
datasets/barred_galaxies/poisson_noise_bg_run680.01200_3_highres.fits.png,0
datasets/barred_galaxies/poisson_noise_bg_run680.01200_4_highres.fits.png,0
datasets/barred_galaxies/poisson_noise_bg_run680.01300_1_highres.fits.png,0
datasets/barred_galaxies/poisson_noise_bg_run680.01300_2_highres.fits.png,0
datasets/barred_galaxies/poisson_noise_bg_run680.01300_3_highres.fits.png,0
datasets/barred_galaxies/poisson_noise_bg_run680.01300_4_highres.fits.png,0
datasets/barred_galaxies/poisson_noise_bg_run680.01400_1_highres.fits.png,0
datasets/barred_galaxies/poisson_noise_bg_run680.01400_2_highres.fits.png,0
datasets/barred_galaxies/poisson_noise_bg_run680.01400_3_highres.fits.png,0
datasets/barred_galaxies/poisson_noise_bg_run680.01400_4_highres.fits.png,0
datasets/barred_galaxies/poisson_noise_bg_run688.00100_1_highres.fits.png,0
datasets/barred_galaxies/poisson_noise_bg_run688.00100_2_highres.fits.png,0
datasets/barred_galaxies/poisson_noise_bg_run688.00100_3_highres.fits.png,0
datasets/barred_galaxies/poisson_noise_bg_run688.00100_4_highres.fits.png,0
datasets/barred_galaxies/poisson_noise_bg_run688.00200_1_highres.fits.png,0
datasets/barred_galaxies/poisson_noise_bg_run688.00200_2_highres.fits.png,0
datasets/barred_galaxies/poisson_noise_bg_run688.00200_3_highres.fits.png,0
datasets/barred_galaxies/poisson_noise_bg_run688.00200_4_highres.fits.png,0
datasets/barred_galaxies/poisson_noise_bg_run688.00300_1_highres.fits.png,0
datasets/barred_galaxies/poisson_noise_bg_run688.00300_2_highres.fits.png,0
datasets/barred_galaxies/poisson_noise_bg_run688.00300_3_highres.fits.png,0
datasets/barred_galaxies/poisson_noise_bg_run688.00300_4_highres.fits.png,0
datasets/barred_galaxies/poisson_noise_bg_run688.00400_1_highres.fits.png,0
datasets/barred_galaxies/poisson_noise_bg_run688.00400_2_highres.fits.png,0
datasets/barred_galaxies/poisson_noise_bg_run688.00400_3_highres.fits.png,0
datasets/barred_galaxies/poisson_noise_bg_run688.00400_4_highres.fits.png,0
datasets/barred_galaxies/poisson_noise_bg_run688.00500_1_highres.fits.png,0
datasets/barred_galaxies/poisson_noise_bg_run688.00500_2_highres.fits.png,0
datasets/barred_galaxies/poisson_noise_bg_run688.00500_3_highres.fits.png,0
datasets/barred_galaxies/poisson_noise_bg_run688.00500_4_highres.fits.png,0
datasets/barred_galaxies/poisson_noise_bg_run688.00600_1_highres.fits.png,0
datasets/barred_galaxies/poisson_noise_bg_run688.00600_2_highres.fits.png,0
datasets/barred_galaxies/poisson_noise_bg_run688.00600_3_highres.fits.png,0
datasets/barred_galaxies/poisson_noise_bg_run688.00600_4_highres.fits.png,0
datasets/barred_galaxies/poisson_noise_bg_run688.00700_1_highres.fits.png,0
datasets/barred_galaxies/poisson_noise_bg_run688.00700_2_highres.fits.png,0
datasets/barred_galaxies/poisson_noise_bg_run688.00700_3_highres.fits.png,0
datasets/barred_galaxies/poisson_noise_bg_run688.00700_4_highres.fits.png,0
datasets/barred_galaxies/poisson_noise_bg_run688.00100_1_highres.fits.png,0
datasets/barred_galaxies/poisson_noise_bg_run688.00100_2_highres.fits.png,0
datasets/barred_galaxies/poisson_noise_bg_run688.00100_3_highres.fits.png,0
datasets/barred_galaxies/poisson_noise_bg_run688.00100_4_highres.fits.png,0
datasets/barred_galaxies/poisson_noise_bg_run688.01000_1_highres.fits.png,0
datasets/barred_galaxies/poisson_noise_bg_run688.01000_2_highres.fits.png,0
datasets/barred_galaxies/poisson_noise_bg_run688.01000_3_highres.fits.png,0
datasets/barred_galaxies/poisson_noise_bg_run688.01000_4_highres.fits.png,0
datasets/barred_galaxies/poisson_noise_bg_run614.00400_1_highres.fits.png,0
datasets/barred_galaxies/poisson_noise_bg_run614.00400_2_highres.fits.png,0
datasets/barred_galaxies/poisson_noise_bg_run614.00400_3_highres.fits.png,0
datasets/barred_galaxies/poisson_noise_bg_run614.00400_4_highres.fits.png,0
datasets/barred_galaxies/poisson_noise_bg_run614.00600_1_highres.fits.png,0
datasets/barred_galaxies/poisson_noise_bg_run614.00600_2_highres.fits.png,0
datasets/barred_galaxies/poisson_noise_bg_run614.00600_3_highres.fits.png,0
datasets/barred_galaxies/poisson_noise_bg_run614.00600_4_highres.fits.png,0
datasets/barred_galaxies/poisson_noise_bg_run615.00800_1_highres.fits.png,0
datasets/barred_galaxies/poisson_noise_bg_run615.00800_2_highres.fits.png,0
datasets/barred_galaxies/poisson_noise_bg_run615.00800_3_highres.fits.png,0
datasets/barred_galaxies/poisson_noise_bg_run615.00800_4_highres.fits.png,0
datasets/barred_galaxies/poisson_noise_bg_run615.00100_1_highres.fits.png,0
datasets/barred_galaxies/poisson_noise_bg_run615.00100_2_highres.fits.png,0
datasets/barred_galaxies/poisson_noise_bg_run615.00100_3_highres.fits.png,0
datasets/barred_galaxies/poisson_noise_bg_run615.00100_4_highres.fits.png,0
datasets/barred_galaxies/poisson_noise_bg_run615.01000_1_highres.fits.png,0
datasets/barred_galaxies/poisson_noise_bg_run615.01000_2_highres.fits.png,0
datasets/barred_galaxies/poisson_noise_bg_run615.01000_3_highres.fits.png,0
datasets/barred_galaxies/poisson_noise_bg_run615.01000_4_highres.fits.png,0
datasets/barred_galaxies/poisson_noise_bg_run615.01100_1_highres.fits.png,0
datasets/barred_galaxies/poisson_noise_bg_run615.01100_2_highres.fits.png,0
datasets/barred_galaxies/poisson_noise_bg_run615.01100_3_highres.fits.png,0
datasets/barred_galaxies/poisson_noise_bg_run615.01100_4_highres.fits.png,0
datasets/barred_galaxies/poisson_noise_bg_run615.01200_1_highres.fits.png,0
datasets/barred_galaxies/poisson_noise_bg_run615.01200_2_highres.fits.png,0
datasets/barred_galaxies/poisson_noise_bg_run615.01200_3_highres.fits.png,0
datasets/barred_galaxies/poisson_noise_bg_run615.01200_4_highres.fits.png,0
datasets/barred_galaxies/poisson_noise_bg_run615.01300_1_highres.fits.png,0
datasets/barred_galaxies/poisson_noise_bg_run615.01300_2_highres.fits.png,0
datasets/barred_galaxies/poisson_noise_bg_run615.01300_3_highres.fits.png,0
datasets/barred_galaxies/poisson_noise_bg_run615.01300_4_highres.fits.png,0
datasets/barred_galaxies/poisson_noise_bg_run615.01400_1_highres.fits.png,0
datasets/barred_galaxies/poisson_noise_bg_run615.01400_2_highres.fits.png,0
datasets/barred_galaxies/poisson_noise_bg_run615.01400_3_highres.fits.png,0
datasets/barred_galaxies/poisson_noise_bg_run615.01400_4_highres.fits.png,0
datasets/barred_galaxies/poisson_noise_bg_run611.00500_1_highres.fits.png,0
datasets/barred_galaxies/poisson_noise_bg_run611.00500_2_highres.fits.png,0
datasets/barred_galaxies/poisson_noise_bg_run611.00500_3_highres.fits.png,0
datasets/barred_galaxies/poisson_noise_bg_run611.00500_4_highres.fits.png,0
datasets/barred_galaxies/poisson_noise_bg_run611.00600_1_highres.fits.png,0
datasets/barred_galaxies/poisson_noise_bg_run611.00600_2_highres.fits.png,0
datasets/barred_galaxies/poisson_noise_bg_run611.00600_3_highres.fits.png,0
datasets/barred_galaxies/poisson_noise_bg_run611.00600_4_highres.fits.png,0
datasets/barred_galaxies/poisson_noise_bg_run700.00100_1_highres.fits.png,0
datasets/barred_galaxies/poisson_noise_bg_run700.00100_2_highres.fits.png,0
datasets/barred_galaxies/poisson_noise_bg_run700.00100_3_highres.fits.png,0
datasets/barred_galaxies/poisson_noise_bg_run700.00100_4_highres.fits.png,0
datasets/barred_galaxies/poisson_noise_bg_run700.00200_1_highres.fits.png,0
datasets/barred_galaxies/poisson_noise_bg_run700.00200_2_highres.fits.png,0
datasets/barred_galaxies/poisson_noise_bg_run700.00200_3_highres.fits.png,0
datasets/barred_galaxies/poisson_noise_bg_run700.00200_4_highres.fits.png,0
datasets/barred_galaxies/poisson_noise_bg_run700.00300_1_highres.fits.png,0
datasets/barred_galaxies/poisson_noise_bg_run700.00300_2_highres.fits.png,0
datasets/barred_galaxies/poisson_noise_bg_run700.00300_3_highres.fits.png,0
datasets/barred_galaxies/poisson_noise_bg_run700.00300_4_highres.fits.png,0
datasets/barred_galaxies/poisson_noise_bg_run700.00400_1_highres.fits.png,0
datasets/barred_galaxies/poisson_noise_bg_run700.00400_2_highres.fits.png,0
datasets/barred_galaxies/poisson_noise_bg_run700.00400_3_highres.fits.png,0
datasets/barred_galaxies/poisson_noise_bg_run700.00400_4_highres.fits.png,0
datasets/barred_galaxies/poisson_noise_bg_run700.00500_1_highres.fits.png,0
datasets/barred_galaxies/poisson_noise_bg_run700.00500_2_highres.fits.png,0
datasets/barred_galaxies/poisson_noise_bg_run700.00500_3_highres.fits.png,0
datasets/barred_galaxies/poisson_noise_bg_run700.00500_4_highres.fits.png,0
datasets/barred_galaxies/poisson_noise_bg_run700.00600_1_highres.fits.png,0
datasets/barred_galaxies/poisson_noise_bg_run700.00600_2_highres.fits.png,0
datasets/barred_galaxies/poisson_noise_bg_run700.00600_3_highres.fits.png,0
datasets/barred_galaxies/poisson_noise_bg_run700.00600_4_highres.fits.png,0
datasets/barred_galaxies/poisson_noise_bg_run700.00700_1_highres.fits.png,0
datasets/barred_galaxies/poisson_noise_bg_run700.00700_2_highres.fits.png,0
datasets/barred_galaxies/poisson_noise_bg_run700.00700_3_highres.fits.png,0
datasets/barred_galaxies/poisson_noise_bg_run700.00700_4_highres.fits.png,0
datasets/barred_galaxies/poisson_noise_bg_run700.00800_1_highres.fits.png,0
datasets/barred_galaxies/poisson_noise_bg_run700.00800_2_highres.fits.png,0
datasets/barred_galaxies/poisson_noise_bg_run700.00800_3_highres.fits.png,0
datasets/barred_galaxies/poisson_noise_bg_run700.00800_4_highres.fits.png,0
datasets/barred_galaxies/poisson_noise_bg_run700.00100_1_highres.fits.png,0
datasets/barred_galaxies/poisson_noise_bg_run700.00100_2_highres.fits.png,0
datasets/barred_galaxies/poisson_noise_bg_run700.00100_3_highres.fits.png,0
datasets/barred_galaxies/poisson_noise_bg_run700.00100_4_highres.fits.png,0
datasets/barred_galaxies/poisson_noise_bg_run700.01000_1_highres.fits.png,0
datasets/barred_galaxies/poisson_noise_bg_run700.01000_2_highres.fits.png,0
datasets/barred_galaxies/poisson_noise_bg_run700.01000_3_highres.fits.png,0
datasets/barred_galaxies/poisson_noise_bg_run700.01000_4_highres.fits.png,0
datasets/barred_galaxies/poisson_noise_bg_starsrun708.00100_1_highres.fits.png,0
datasets/barred_galaxies/poisson_noise_bg_starsrun708.00100_2_highres.fits.png,0
datasets/barred_galaxies/poisson_noise_bg_starsrun708.00100_3_highres.fits.png,0
datasets/barred_galaxies/poisson_noise_bg_starsrun708.00100_4_highres.fits.png,0
datasets/barred_galaxies/poisson_noise_bg_starsrun708.00200_1_highres.fits.png,0
datasets/barred_galaxies/poisson_noise_bg_starsrun708.00200_2_highres.fits.png,0
datasets/barred_galaxies/poisson_noise_bg_starsrun708.00200_3_highres.fits.png,0
datasets/barred_galaxies/poisson_noise_bg_starsrun708.00200_4_highres.fits.png,0
datasets/barred_galaxies/poisson_noise_bg_starsrun708.00300_1_highres.fits.png,0
datasets/barred_galaxies/poisson_noise_bg_starsrun708.00300_2_highres.fits.png,0
datasets/barred_galaxies/poisson_noise_bg_starsrun708.00300_3_highres.fits.png,0
datasets/barred_galaxies/poisson_noise_bg_starsrun708.00300_4_highres.fits.png,0
datasets/barred_galaxies/poisson_noise_bg_starsrun708.00400_1_highres.fits.png,0
datasets/barred_galaxies/poisson_noise_bg_starsrun708.00400_2_highres.fits.png,0
datasets/barred_galaxies/poisson_noise_bg_starsrun708.00400_3_highres.fits.png,0
datasets/barred_galaxies/poisson_noise_bg_starsrun708.00400_4_highres.fits.png,0
datasets/barred_galaxies/poisson_noise_bg_starsrun708.00500_1_highres.fits.png,0
datasets/barred_galaxies/poisson_noise_bg_starsrun708.00500_2_highres.fits.png,0
datasets/barred_galaxies/poisson_noise_bg_starsrun708.00500_3_highres.fits.png,0
datasets/barred_galaxies/poisson_noise_bg_starsrun708.00500_4_highres.fits.png,0
datasets/barred_galaxies/poisson_noise_bg_starsrun708.00600_1_highres.fits.png,0
datasets/barred_galaxies/poisson_noise_bg_starsrun708.00600_2_highres.fits.png,0
datasets/barred_galaxies/poisson_noise_bg_starsrun708.00600_3_highres.fits.png,0
datasets/barred_galaxies/poisson_noise_bg_starsrun708.00600_4_highres.fits.png,0
datasets/barred_galaxies/poisson_noise_bg_starsrun708.00700_1_highres.fits.png,0
datasets/barred_galaxies/poisson_noise_bg_starsrun708.00700_2_highres.fits.png,0
datasets/barred_galaxies/poisson_noise_bg_starsrun708.00700_3_highres.fits.png,0
datasets/barred_galaxies/poisson_noise_bg_starsrun708.00700_4_highres.fits.png,0
datasets/barred_galaxies/poisson_noise_bg_starsrun708.00800_1_highres.fits.png,1
datasets/barred_galaxies/poisson_noise_bg_starsrun708.00800_2_highres.fits.png,1
datasets/barred_galaxies/poisson_noise_bg_starsrun708.00800_3_highres.fits.png,1
datasets/barred_galaxies/poisson_noise_bg_starsrun708.00800_4_highres.fits.png,1
datasets/barred_galaxies/poisson_noise_bg_starsrun708.00100_1_highres.fits.png,1
datasets/barred_galaxies/poisson_noise_bg_starsrun708.00100_2_highres.fits.png,1
datasets/barred_galaxies/poisson_noise_bg_starsrun708.00100_3_highres.fits.png,1
datasets/barred_galaxies/poisson_noise_bg_starsrun708.00100_4_highres.fits.png,1
datasets/barred_galaxies/poisson_noise_bg_starsrun708.01000_1_highres.fits.png,1
datasets/barred_galaxies/poisson_noise_bg_starsrun708.01000_2_highres.fits.png,1
datasets/barred_galaxies/poisson_noise_bg_starsrun708.01000_3_highres.fits.png,1
datasets/barred_galaxies/poisson_noise_bg_starsrun708.01000_4_highres.fits.png,1
datasets/barred_galaxies/poisson_noise_bg_starsrun708main.00100_1_highres.fits.png,0
datasets/barred_galaxies/poisson_noise_bg_starsrun708main.00100_2_highres.fits.png,0
datasets/barred_galaxies/poisson_noise_bg_starsrun708main.00100_3_highres.fits.png,0
datasets/barred_galaxies/poisson_noise_bg_starsrun708main.00100_4_highres.fits.png,0
datasets/barred_galaxies/poisson_noise_bg_starsrun708main.00200_1_highres.fits.png,0
datasets/barred_galaxies/poisson_noise_bg_starsrun708main.00200_2_highres.fits.png,0
datasets/barred_galaxies/poisson_noise_bg_starsrun708main.00200_3_highres.fits.png,0
datasets/barred_galaxies/poisson_noise_bg_starsrun708main.00200_4_highres.fits.png,0
datasets/barred_galaxies/poisson_noise_bg_starsrun708main.00300_1_highres.fits.png,0
datasets/barred_galaxies/poisson_noise_bg_starsrun708main.00300_2_highres.fits.png,0
datasets/barred_galaxies/poisson_noise_bg_starsrun708main.00300_3_highres.fits.png,0
datasets/barred_galaxies/poisson_noise_bg_starsrun708main.00300_4_highres.fits.png,0
datasets/barred_galaxies/poisson_noise_bg_starsrun708main.00400_1_highres.fits.png,1
datasets/barred_galaxies/poisson_noise_bg_starsrun708main.00400_2_highres.fits.png,1
datasets/barred_galaxies/poisson_noise_bg_starsrun708main.00400_3_highres.fits.png,1
datasets/barred_galaxies/poisson_noise_bg_starsrun708main.00400_4_highres.fits.png,1
datasets/barred_galaxies/poisson_noise_bg_starsrun708main.00500_1_highres.fits.png,1
datasets/barred_galaxies/poisson_noise_bg_starsrun708main.00500_2_highres.fits.png,1
datasets/barred_galaxies/poisson_noise_bg_starsrun708main.00500_3_highres.fits.png,1
datasets/barred_galaxies/poisson_noise_bg_starsrun708main.00500_4_highres.fits.png,1
datasets/barred_galaxies/poisson_noise_bg_starsrun708main.00600_1_highres.fits.png,1
datasets/barred_galaxies/poisson_noise_bg_starsrun708main.00600_2_highres.fits.png,1
datasets/barred_galaxies/poisson_noise_bg_starsrun708main.00600_3_highres.fits.png,1
datasets/barred_galaxies/poisson_noise_bg_starsrun708main.00600_4_highres.fits.png,1
datasets/barred_galaxies/poisson_noise_bg_starsrun708main.00700_1_highres.fits.png,1
datasets/barred_galaxies/poisson_noise_bg_starsrun708main.00700_2_highres.fits.png,1
datasets/barred_galaxies/poisson_noise_bg_starsrun708main.00700_3_highres.fits.png,1
datasets/barred_galaxies/poisson_noise_bg_starsrun708main.00700_4_highres.fits.png,1
datasets/barred_galaxies/poisson_noise_bg_starsrun708main.00800_1_highres.fits.png,1
datasets/barred_galaxies/poisson_noise_bg_starsrun708main.00800_2_highres.fits.png,1
datasets/barred_galaxies/poisson_noise_bg_starsrun708main.00800_3_highres.fits.png,1
datasets/barred_galaxies/poisson_noise_bg_starsrun708main.00800_4_highres.fits.png,1
datasets/barred_galaxies/poisson_noise_bg_starsrun708main.00900_1_highres.fits.png,1
datasets/barred_galaxies/poisson_noise_bg_starsrun708main.00900_2_highres.fits.png,1
datasets/barred_galaxies/poisson_noise_bg_starsrun708main.00900_3_highres.fits.png,1
datasets/barred_galaxies/poisson_noise_bg_starsrun708main.00900_4_highres.fits.png,1
datasets/barred_galaxies/poisson_noise_bg_starsrun708main.00100_1_highres.fits.png,1
datasets/barred_galaxies/poisson_noise_bg_starsrun708main.00100_2_highres.fits.png,1
datasets/barred_galaxies/poisson_noise_bg_starsrun708main.00100_3_highres.fits.png,1
datasets/barred_galaxies/poisson_noise_bg_starsrun708main.00100_4_highres.fits.png,1
datasets/barred_galaxies/poisson_noise_bg_starsrun708main.01000_1_highres.fits.png,1
datasets/barred_galaxies/poisson_noise_bg_starsrun708main.01000_2_highres.fits.png,1
datasets/barred_galaxies/poisson_noise_bg_starsrun708main.01000_3_highres.fits.png,1
datasets/barred_galaxies/poisson_noise_bg_starsrun708main.01000_4_highres.fits.png,1